{"cameraMode":{"drawMode":0,"name":"Shaded","section":"Shading Mode"},"sceneLighting":true,"audioPlay":false,"sceneViewState":{"showFog":true,"showMaterialUpdate":true,"showSkybox":true,"showFlares":true,"showImageEffects":true,"showParticleSystems":true},"in2DMode":false,"pivot":{"x":4.820849895477295,"y":-2.7091922760009767,"z":-0.09179900586605072},"rotation":{"x":0.2002413123846054,"y":0.6818581819534302,"z":-0.20265932381153108,"w":0.6737225651741028},"size":13.28869342803955,"orthographic":false}